use HotelDumbo;
INSERT INTO Cliente (IdCliente, Nombre, ApellidoP, ApellidoM, EstadoCivil, Genero, Pais, Celular, CI, FechaNacimiento)
VALUES
    (1, 'Luis', 'Pérez', 'Gómez', 'S', 'M', 'Bolivia', 76543345, '11111111 BOL', '1995-03-10'),
    (2, 'Ana', 'López', 'Hernández', 'C', 'F', 'España', 45679833, '22222222 EP', '1992-11-22'),
    (3, 'Carlos', 'Rodríguez', 'Martínez', 'S', 'M', 'Argentina', 87352745, '33333333 ARG', '1988-08-15'),
    (4, 'Sara', 'García', 'Fernández', 'S', 'F', 'Bolivia', 99966655, '44444444 BOL', '1990-05-02'),
    (5, 'Juan', 'González', 'Sánchez', 'C', 'M', 'Perú', 22211133, '55555555 PR', '1985-12-20'),
    (6, 'María', 'Martínez', 'López', 'S', 'F', 'Bolivia', 88844499, '66666666 BOL', '1993-02-08'),
    (7, 'Andrés', 'Ramírez', 'Hernández', 'C', 'M', 'Ecuador', 77788811, '77777777 ECU', '1987-07-17'),
    (8, 'Laura', 'Díaz', 'Gómez', 'S', 'F', 'Bolivia', 55588877, '88888888 BOL', '1996-09-25'),
    (9, 'Diego', 'Pérez', 'Rodríguez', 'S', 'M', 'Bolivia', 22266644, '99999999 BOL', '1991-04-12'),
    (10, 'Carolina', 'López', 'Martínez', 'C', 'F', 'Venezuela', 88811144, '10101010 VEN', '1989-11-30'),
    (11, 'Javier', 'González', 'Ramírez', 'S', 'M', 'Bolivia', 77755522, '12121212 BOL', '1994-07-05'),
    (12, 'Paula', 'Hernández', 'Gómez', 'C', 'F', 'Chile', 99933311, '13131313 CHI', '1988-10-18'),
    (13, 'Mateo', 'Rodríguez', 'López', 'S', 'M', 'Argentina', 22277755, '14141414 ARG', '1997-01-21'),
    (14, 'Isabella', 'García', 'Martínez', 'S', 'F', 'Bolivia', 88822299, '15151515 BOL', '1992-06-06'),
    (15, 'Alejandro', 'López', 'Fernández', 'S', 'M', 'Bolivia', 55577744, '16161616 BOL', '1993-09-14'),
    (16, 'Valentina', 'Martínez', 'Ramírez', 'C', 'F', 'Bolivia', 77744422, '17171717 BOL', '1989-12-03'),
    (17, 'Nicolás', 'Ramírez', 'Hernández', 'S', 'M', 'Bolivia', 22288811, '18181818 BOL', '1995-05-27'),
    (18, 'Camila', 'Díaz', 'Gómez', 'C', 'F', 'Ecuador', 88811166, '19191919 ECU', '1990-08-09'),
    (19, 'Lucas', 'Pérez', 'Rodríguez', 'S', 'M', 'Bolivia', 22266633, '20202020 BOL', '1997-03-31'),
    (20, 'Martina', 'López', 'Martínez', 'S', 'F', 'Bolivia', 88833355, '21212121 BOL', '1991-07-23'),
    (21, 'Daniel', 'González', 'Sánchez', 'C', 'M', 'Bolivia', 77755544, '22222222BOL', '1986-10-14'),
    (22, 'Valeria', 'Martínez', 'López', 'S', 'F', 'Perú', 99977711, '23232323 PR', '1993-12-17'),
    (23, 'Emilio', 'Hernández', 'Gómez', 'S', 'M', 'Bolivia', 55522288, '24242424 BOL', '1988-01-28'),
    (24, 'Renata', 'Ramírez', 'Martínez', 'C', 'F', 'Colombia', 77711155, '25252525 COL', '1995-04-09'),
    (25, 'Sebastián', 'López', 'Fernández', 'S', 'M', 'Ecuador', 99944466, '26262626 ECU', '1990-06-20'),
    (26, 'Antonella', 'García', 'Ramírez', 'S', 'F', 'Bolivia', 55577722, '27272727 BOL', '1992-09-01'),
    (27, 'Agustín', 'Rodríguez', 'Hernández', 'C', 'M', 'Bolivia', 77722244, '28282828 BOL', '1989-12-12'),
    (28, 'Mariana', 'Martínez', 'Gómez', 'S', 'F', 'Bolivia', 99955511, '29292929 BOL', '1994-03-24'),
    (29, 'Matías', 'González', 'López', 'S', 'M', 'Bolivia', 55511188, '30303030 BOL', '1991-05-05'),
    (30, 'Isabel', 'Hernández', 'Martínez', 'C', 'F', 'Argentina', 77766699, '31313131 ARG', '1987-08-16'),
    (31, 'Felipe', 'Pérez', 'Gómez', 'S', 'M', 'México', 55566677, '32323232 MEX', '1996-09-01'),
    (32, 'Gabriela', 'López', 'Hernández', 'C', 'F', 'España', 66677788, '33333333 ESP', '1993-10-14'),
    (33, 'Martín', 'Rodríguez', 'Martínez', 'S', 'M', 'Argentina', 77788899, '34343434 ARG', '1989-11-27'),
    (34, 'Valeria', 'García', 'Fernández', 'S', 'F', 'Chile', 99966633, '35353535 CHI', '1991-12-18'),
    (35, 'Diego', 'González', 'Sánchez', 'C', 'M', 'Bolivia', 22277755, '36363636 BOL', '1994-02-06'),
    (36, 'Renata', 'Martínez', 'López', 'S', 'F', 'Bolivia', 88866644, '37373737 BOL', '1997-03-20'),
    (37, 'Lucas', 'Ramírez', 'Hernández', 'C', 'M', 'Bolivia', 77755522, '38383838 BOL', '1986-04-11'),
    (38, 'María', 'Díaz', 'Gómez', 'S', 'F', 'Bolivia', 55544499, '39393939 BOL', '1992-07-02'),
    (39, 'Daniel', 'Pérez', 'Rodríguez', 'S', 'M', 'Bolivia', 22288866, '40404040 BOL', '1990-08-13'),
    (40, 'Valentina', 'López', 'Martínez', 'C', 'F', 'Bolivia', 88877733, '41414141 BOL', '1988-09-24'),
    (41, 'Sebastián', 'González', 'Ramírez', 'S', 'M', 'Bolivia', 77744488, '42424242 BOL', '1996-11-25'),
    (42, 'Isabella', 'Hernández', 'Gómez', 'C', 'F', 'Bolivia', 99977744, '43434343 BOL', '1993-12-06'),
    (43, 'Juan', 'Rodríguez', 'López', 'S', 'M', 'Bolivia', 22255577, '44444444 BOL', '1991-01-17'),
    (44, 'Mariana', 'García', 'Martínez', 'S', 'F', 'Perú', 88844411, '45454545 PR', '1989-02-28'),
    (45, 'Lucas', 'López', 'Fernández', 'C', 'M', 'Brasil', 55511166, '46464646 BRA', '1997-03-11'),
    (46, 'Martina', 'Martínez', 'Ramírez', 'S', 'F', 'Colombia', 77788833, '47474747 COL', '1992-04-22'),
    (47, 'Emilio', 'Ramírez', 'Hernández', 'C', 'M', 'Ecuador', 99966622, '48484848 ECU', '1987-05-03'),
    (48, 'Valeria', 'Díaz', 'Gómez', 'S', 'F', 'Bolivia', 55522277, '49494949 BOL', '1994-06-14'),
    (49, 'Sebastián', 'Pérez', 'Rodríguez', 'S', 'M', 'Bolivia', 77799944, '50505050 BOL', '1990-07-25'),
    (50, 'Isabella', 'López', 'Martínez', 'C', 'F', 'Bolivia', 99977755, '51515151 BOL', '1988-08-05');
    
    use HotelDumbo;
    INSERT INTO Empleado (IdEmpleado, Nombre, ApellidoP, ApellidoM, Genero, Celular, Direccion, Cargo, CI, FechaNacimiento)
VALUES
    (1, 'Carlos', 'Gutiérrez', 'Mendoza', 'M', 77711122, 'Calle 123', 'P', '11111111 LP', '1980-05-15'),
    (2, 'María', 'López', 'García', 'F', 55544477, 'Av. Bolívar 456', 'R', '22222222 CB', '1992-08-20'),
    (3, 'Jorge', 'Pérez', 'Gómez', 'M', 66655544, 'Calle Sucre 789', 'P', '33333333 SC', '1988-03-12'),
    (4, 'Laura', 'Ramírez', 'Hernández', 'F', 77766655, 'Av. Libertad 234', 'R', '44444444 TJ', '1995-10-05'),
    (5, 'Luis', 'Martínez', 'Sánchez', 'M', 66633322, 'Calle Bolívar 567', 'P', '55555555 PT', '1987-12-28'),
    (6, 'Ana', 'García', 'López', 'F', 77788899, 'Av. Arce 890', 'R', '66666666 CH', '1990-06-17'),
    (7, 'Diego', 'Hernández', 'Martínez', 'M', 55577788, 'Calle Junín 345', 'P', '77777777 OR', '1993-09-02'),
    (8, 'Valeria', 'López', 'Ramírez', 'F', 66622233, 'Av. 6 de Agosto 123', 'R', '88888888 LP', '1991-04-19'),
    (9, 'Juan', 'Gutiérrez', 'Pérez', 'M', 55588899, 'Calle Jordán 456', 'R', '99999999 CB', '1989-11-08'),
    (10, 'Mariana', 'Pérez', 'Ramírez', 'F', 66644455, 'Av. Roca y Coronado 789', 'R', '10101010 SC', '1994-07-21'),
    (11, 'Andrés', 'Ramírez', 'García', 'M', 55511122, 'Calle Ballivián 234', 'P', '12121212 TJ', '1986-02-03'),
    (12, 'Carolina', 'López', 'Martínez', 'F', 66677788, 'Av. Bicentenario 567', 'P', '13131313 PT', '1997-01-16'),
    (13, 'José', 'Martínez', 'Gutiérrez', 'M', 77744455, 'Calle Junín 890', 'R', '14141414 CH', '1988-04-29'),
    (14, 'Sofía', 'García', 'Hernández', 'F', 66699988, 'Av. 6 de Agosto 345', 'R', '15151515 OR', '1992-03-10'),
    (15, 'Fernando', 'Pérez', 'López', 'M', 77722233, 'Calle Jordán 123', 'P', '16161616 LP', '1993-07-12'),
    (16, 'Camila', 'Ramírez', 'García', 'F', 66688899, 'Av. Roca y Coronado 456', 'P', '17171717 CB', '1990-09-25'),
    (17, 'Andrea', 'Hernández', 'Pérez', 'F', 77711122, 'Calle Ballivián 789', 'R', '18181818 SC', '1995-12-06'),
    (18, 'Luis', 'Gutiérrez', 'Martínez', 'M', 66644455, 'Av. Bicentenario 234', 'P', '19191919 TJ', '1989-08-19'),
    (19, 'Valentina', 'Martínez', 'López', 'F', 77777788, 'Calle Junín 567', 'P', '20202020 PT', '1996-10-30'),
    (20, 'Gabriel', 'López', 'Ramírez', 'M', 55566677, 'Av. Arce 890', 'R', '21212121 CH', '1987-05-11'),
    (21, 'Isabella', 'Ramírez', 'García', 'F', 77744455, 'Calle Ballivián 123', 'R', '22222222 LP', '1991-08-22'),
    (22, 'David', 'García', 'Hernández', 'M', 55588899, 'Av. Roca y Coronado 456', 'R', '23232323 CB', '1994-09-03'),
    (23, 'Valeria', 'Hernández', 'Ramírez', 'F', 66611122, 'Calle Ballivián 789', 'P', '24242424 SC', '1993-11-14'),
    (24, 'Sebastián', 'Ramírez', 'Gutiérrez', 'M', 55544455, 'Av. Bicentenario 234', 'P', '25252525 TJ', '1988-02-25'),
    (25, 'Mariana', 'López', 'Pérez', 'F', 66677788, 'Calle Junín 567', 'R', '26262626 PT', '1989-07-03'),
    (26, 'Nicolás', 'Gutiérrez', 'Ramírez', 'M', 55566677, 'Av. Arce 890', 'R', '27272727 CH', '1992-06-12'),
    (27, 'Gabriela', 'Ramírez', 'López', 'F', 66655544, 'Calle Ballivián 123', 'R', '28282828 CB', '1996-05-21'),
    (28, 'Andrés', 'López', 'García', 'M', 77744433, 'Av. Roca y Coronado 456', 'P', '29292929 SC', '1987-04-30'),
    (29, 'Valentina', 'García', 'Hernández', 'F', 55599944, 'Calle Junín 789', 'P', '30303030 TJ', '1991-03-09'),
    (30, 'Juan', 'Martínez', 'Ramírez', 'M', 77766655, 'Av. Bicentenario 234', 'R', '31313131 PT', '1990-02-18'),
    (31, 'Carolina', 'Ramírez', 'López', 'F', 55577766, 'Calle Ballivián 567', 'P', '32323232 CH', '1994-01-27'),
    (32, 'Luis', 'López', 'Gutiérrez', 'M', 77744433, 'Av. Arce 890', 'R', '33333333 CB', '1988-12-06'),
    (33, 'Fernanda', 'Gutiérrez', 'Hernández', 'F', 55555544, 'Calle Junín 123', 'P', '34343434 SC', '1993-11-15'),
    (34, 'Alejandro', 'Hernández', 'Ramírez', 'M', 77733366, 'Av. Roca y Coronado 456', 'R', '35353535 TJ', '1995-10-24'),
    (35, 'Valeria', 'Ramírez', 'López', 'F', 55544433, 'Calle Ballivián 789', 'P', '36363636 PT', '1992-09-03'),
    (36, 'Nicolás', 'López', 'Gutiérrez', 'M', 77722215, 'Av. Arce 234', 'P', '37373737 CH', '1986-08-12'),
    (37, 'Mariana', 'Gutiérrez', 'Ramírez', 'F', 55533366, 'Calle Junín 567', 'R', '38383838 CB', '1997-07-21'),
    (38, 'David', 'Ramírez', 'Hernández', 'M', 77744455, 'Av. Roca y Coronado 123', 'P', '39393939 SC', '1989-06-30'),
    (39, 'Sofía', 'Hernández', 'López', 'F', 55522277, 'Calle Ballivián 456', 'R', '40404040 TJ', '1991-05-09'),
    (40, 'Jorge', 'López', 'García', 'M', 77711122, 'Av. Arce 789', 'R', '41414141 PT', '1990-04-18'),
    (41, 'Valentina', 'García', 'Ramírez', 'F', 55588877, 'Calle Junín 123', 'R', '42424242 CH', '1988-03-27'),
    (42, 'Daniel', 'Ramírez', 'López', 'M', 77755544, 'Av. Roca y Coronado 456', 'P', '43434343 CB', '1993-02-05'),
    (43, 'María', 'López', 'Gutiérrez', 'F', 55566655, 'Calle Ballivián 789', 'R', '44444444 SC', '1992-01-14'),
    (44, 'Andrés', 'Gutiérrez', 'Ramírez', 'M', 77744477, 'Av. Arce 234', 'R', '45454545 TJ', '1991-12-23'),
    (45, 'Valentina', 'Ramírez', 'López', 'F', 55533322, 'Calle Junín 567', 'R', '46464646 PT', '1997-11-01'),
    (46, 'Gabriel', 'López', 'García', 'M', 77722255, 'Av. Arce 123', 'P', '47474747 CH', '1986-10-10'),
    (47, 'Sofía', 'García', 'Ramírez', 'F', 55577788, 'Calle Ballivián 456', 'R', '48484848 CB', '1995-09-19'),
    (48, 'Luis', 'Ramírez', 'López', 'M', 77744455, 'Av. Roca y Coronado 789', 'R', '49494949 SC', '1987-08-28'),
    (49, 'Andrea', 'López', 'Gutiérrez', 'F', 55511144, 'Calle Junín 123', 'P', '50505050 TJ', '1994-07-07'),
    (50, 'David', 'Gutiérrez', 'Ramírez', 'M', 77766633, 'Av. Arce 456', 'R', '51515151 PT', '1993-06-16');

    use HotelDumbo;
INSERT INTO Usuario (IdUsuario, Nombre, Codigo)
VALUES
    (1, 'Carlos', 'ABC123'),
    (2, 'María', 'DEF456'),
    (3, 'Jorge', 'GHI789'),
    (4, 'Laura', 'JKL012'),
    (5, 'Luis', 'MNO345'),
    (6, 'Ana', 'PQR678'),
    (7, 'Diego', 'STU901'),
    (8, 'Valeria', 'VWX234'),
    (9, 'Juan', 'YZA567'),
    (10, 'Andrés', 'BCD890'),
    (11, 'Fernanda', 'EFG123'),
    (12, 'Alejandro', 'HIJ456'),
    (13, 'Isabella', 'KLM789'),
    (14, 'Fernando', 'NOP012'),
    (15, 'Andrea', 'QRS345'),
    (16, 'Gabriel', 'TUV678'),
    (17, 'Fernanda', 'WXY901'),
    (18, 'Alejandro', 'ZAB234'),
    (19, 'Sofía', 'CDE567'),
    (20, 'Gabriela', 'FGH890'),
    (21, 'Andrea', 'IJK123'),
    (22, 'Fernanda', 'LMN456'),
    (23, 'María', 'OPQ789'),
    (24, 'Sofía', 'RST012'),
    (25, 'Andrea', 'UVW345'),
    (26, 'Andrés', 'ABC123'),
    (27, 'Sofía', 'DEF456'),
    (28, 'Fernanda', 'GHI789'),
    (29, 'Gabriel', 'JKL012'),
    (30, 'Andrés', 'MNO345'),
    (31, 'Fernanda', 'PQR678'),
    (32, 'Andrea', 'STU901'),
    (33, 'Fernando', 'VWX234'),
    (34, 'Gabriel', 'YZA567'),
    (35, 'Gabriela', 'BCD890'),
    (36, 'Fernanda', 'EFG123'),
    (37, 'Andrés', 'HIJ456'),
    (38, 'Fernando', 'KLM789'),
    (39, 'Sofía', 'NOP012'),
    (40, 'Alejandro', 'QRS345'),
    (41, 'Gabriela', 'TUV678'),
    (42, 'Sofía', 'WXY901'),
    (43, 'Fernanda', 'ZAB234'),
    (44, 'Andrea', 'CDE567'),
    (45, 'Alejandro', 'FGH890'),
    (46, 'Andrea', 'IJK123'),
    (47, 'Sofía', 'LMN456'),
    (48, 'Andrea', 'OPQ789'),
    (49, 'Fernanda', 'RST012'),
    (50, 'Gabriel', 'UVW345');


use HotelDumbo;
INSERT INTO Paquete (IdPaquete, Tipo, Precio, FechaInicio, FechaTermino, Dias, Vigente)
VALUES
    (1, 'Matrimonial', 500.00, '2023-09-01', '2023-09-07', 7, 'S'),
    (2, 'Simple', 300.00, '2023-08-20', '2023-08-25', 5, 'S'),
    (3, 'Doble', 450.00, '2023-09-10', '2023-09-15', 5, 'S'),
    (4, 'Suite', 600.00, '2023-10-01', '2023-10-07', 6, 'S'),
    (5, 'Familiar', 550.00, '2023-08-28', '2023-09-04', 7, 'S'),
    (6, 'Simple', 320.00, '2023-09-15', '2023-09-20', 5, 'S'),
    (7, 'Doble', 480.00, '2023-10-05', '2023-10-11', 6, 'S'),
    (8, 'Matrimonial', 530.00, '2023-09-10', '2023-09-15', 5, 'S'),
    (9, 'Familiar', 580.00, '2023-10-10', '2023-10-17', 7, 'S'),
    (10, 'Suite', 600.00, '2023-08-25', '2023-08-31', 6, 'S'),
    (11, 'Doble', 420.00, '2023-09-20', '2023-09-26', 7, 'S'),
    (12, 'Simple', 350.00, '2023-09-15', '2023-09-20', 5, 'S'),
    (13, 'Matrimonial', 490.00, '2023-10-15', '2023-10-21', 7, 'S'),
    (14, 'Familiar', 590.00, '2023-09-05', '2023-09-12', 7, 'S'),
    (15, 'Doble', 530.00, '2023-09-30', '2023-10-06', 7, 'S'),
    (16, 'Suite', 600.00, '2023-09-25', '2023-10-01', 7, 'S'),
    (17, 'Matrimonial', 550.00, '2023-10-10', '2023-10-17', 7, 'S'),
    (18, 'Simple', 380.00, '2023-10-15', '2023-10-20', 6, 'S'),
    (19, 'Familiar', 600.00, '2023-09-10', '2023-09-17', 7, 'S'),
    (20, 'Doble', 450.00, '2023-09-05', '2023-09-11', 6, 'S'),
    (21, 'Suite', 600.00, '2023-09-01', '2023-09-08', 7, 'S'),
    (22, 'Matrimonial', 510.00, '2023-10-05', '2023-10-12', 7, 'S'),
    (23, 'Simple', 400.00, '2023-10-10', '2023-10-15', 5, 'S'),
    (24, 'Familiar', 560.00, '2023-09-15', '2023-09-22', 7, 'S'),
    (25, 'Doble', 470.00, '2023-09-20', '2023-09-26', 7, 'S'),
    (26, 'Matrimonial', 520.00, '2023-10-20', '2023-10-27', 7, 'S'),
    (27, 'Suite', 600.00, '2023-09-25', '2023-10-02', 8, 'S'),
    (28, 'Familiar', 590.00, '2023-10-05', '2023-10-12', 7, 'S'),
    (29, 'Doble', 490.00, '2023-09-01', '2023-09-08', 7, 'S'),
    (30, 'Matrimonial', 530.00, '2023-09-10', '2023-09-17', 7, 'S'),
    (31, 'Simple', 420.00, '2023-10-15', '2023-10-21', 7, 'S'),
    (32, 'Suite', 600.00, '2023-09-20', '2023-09-28', 8, 'S'),
    (33, 'Familiar', 600.00, '2023-09-25', '2023-10-02', 8, 'S'),
    (34, 'Doble', 500.00, '2023-09-30', '2023-10-07', 8, 'S'),
    (35, 'Matrimonial', 570.00, '2023-10-05', '2023-10-13', 9, 'S'),
    (36, 'Simple', 440.00, '2023-09-10', '2023-09-17', 7, 'S'),
    (37, 'Familiar', 600.00, '2023-09-15', '2023-09-23', 9, 'S'),
    (38, 'Doble', 520.00, '2023-10-10', '2023-10-18', 9, 'S'),
    (39, 'Suite', 600.00, '2023-10-15', '2023-10-24', 10, 'S'),
    (40, 'Matrimonial', 540.00, '2023-09-20', '2023-09-28', 9, 'S'),
    (41, 'Simple', 460.00, '2023-10-25', '2023-11-01', 8, 'S'),
    (42, 'Familiar', 600.00, '2023-09-30', '2023-10-09', 10, 'S'),
    (43, 'Doble', 540.00, '2023-10-05', '2023-10-14', 10, 'S'),
    (44, 'Matrimonial', 580.00, '2023-10-10', '2023-10-19', 10, 'S'),
    (45, 'Simple', 480.00, '2023-10-15', '2023-10-23', 9, 'S'),
    (46, 'Familiar', 600.00, '2023-10-20', '2023-10-29', 10, 'S'),
    (47, 'Doble', 560.00, '2023-10-25', '2023-11-03', 10, 'S'),
    (48, 'Suite', 600.00, '2023-10-30', '2023-11-08', 10, 'S'),
    (49, 'Matrimonial', 590.00, '2023-11-05', '2023-11-14', 10, 'S'),
    (50, 'Simple', 500.00, '2023-11-10', '2023-11-18', 9, 'S');


use HotelDumbo;
INSERT INTO Servicio (IdServicio, Descripcion)
VALUES
    (1, 'Inmersión en la Cultura Andina: Tradiciones, Música y Danzas'),
    (2, 'Renovación Espiritual con un Masaje en la Cima de los Andes'),
    (3, 'Festival de Sabores Bolivianos: Gastronomía Local en Tu Plato'),
    (4, 'Viaje en el Tiempo: Excursión a las Antiguas Ruinas de Tiwanaku'),
    (5, 'Tesoro de los Andes: Explora Mercados Típicos y Tesoros Locales'),
    (6, 'Chef Andino: Aprende a Cocinar Platillos Tradicionales de Bolivia'),
    (7, 'Entre Montañas: Senderismo por los Valles Secretos de La Paz'),
    (8, 'Retrata la Belleza: Tour Fotográfico por los Paisajes Andinos'),
    (9, 'Noche de Cultura: Bailes, Música y Tradiciones Folklóricas'),
    (10, 'Historia y Poder: Descubre la Plaza Murillo y su Legado'),
    (11, 'Arte en Cada Esquina: Explora Museos y Galerías de La Paz'),
    (12, 'Vuelo Sobre la Ciudad: Teleférico y Vistas Panorámicas'),
    (13, 'Romance Andino: Cena en un Rincón Especial del Hotel'),
    (14, 'Cholitas Luchadoras: Conoce la Fuerza de las Mujeres Bolivianas'),
    (15, 'Horizontes Mágicos: Tour de Miradores en la Ciudad Alta'),
    (16, 'Equilibrio Natural: Sesión de Yoga en los Andes'),
    (17, 'Otro Mundo: Explora el Extraño Paisaje del Valle de la Luna'),
    (18, 'Sabor Andino: Cata de Cafés y Chocolates en la Montaña'),
    (19, 'Tejidos de la Tierra: Taller de Artesanía y Tradición'),
    (20, 'Nectar de los Andes: Degustación de Vinos en Altura'),
    (21, 'Arquitectura Histórica: Paseo por las Joyas de la Ciudad Colonial'),
    (22, 'Aventura en Bicicleta: Descubre los Senderos Escondidos'),
    (23, 'Leyendas de Oro: Ruta por las Antiguas Minas Bolivianas'),
    (24, 'Arte en las Manos: Taller de Cerámica y Creatividad'),
    (25, 'Cultura de los Altos: Visita Comunidades y Sus Tesoros'),
    (26, 'Alas en los Andes: Avistamiento de Aves en su Hábitat'),
    (27, 'Relajación Natural: Baños Termales en la Montaña'),
    (28, 'Noche Encantada: Tour de Historias y Secretos de La Paz'),
    (29, 'Dulces Tesoros: Taller de Chocolate Andino Artesanal'),
    (30, 'Misterios Andinos: Explora el Mercado de Hechicería'),
    (31, 'Caminos de Leyenda: Descubre Historias y Encantos de la Ciudad'),
    (32, 'Quesos de los Andes: Cata y Maridaje en Altura'),
    (33, 'Glaciares en los Cielos: Excursión al Huayna Potosí'),
    (34, 'Expresión en Piedra: Taller de Escultura en la Naturaleza'),
    (35, 'Fe y Devoción: Tour de las Iglesias Históricas de La Paz'),
    (36, 'Lago Titicaca: Navegación y Encuentro con las Culturas'),
    (37, 'Melodías Andinas: Taller de Música y Danzas Tradicionales'),
    (38, 'Veta de Plata: Aventura en las Minas de Potosí'),
    (39, 'Santuarios de la Fe: Explora las Joyas Religiosas de La Paz'),
    (40, 'Colores de la Tierra: Taller de Teñido con Elementos Naturales'),
    (41, 'Bosque de Encanto: Excursión a los Bosques Nublados de Yungas'),
    (42, 'Tradiciones Andinas: Encuentro con las Comunidades Locales'),
    (43, 'Lagunas en las Alturas: Caminata entre los Refugios Andinos'),
    (44, 'Joyas de la Tierra: Taller de Joyería con Gemas Autóctonas'),
    (45, 'Reserva Andina: Explora la Biodiversidad del Altiplano'),
    (46, 'Artesanías Andinas: Descubre la Tradición de los Tejidos'),
    (47, 'Estrellas de los Andes: Observación del Cielo en Altura'),
    (48, 'Esculturas en Piedra: Taller de Arte Rupestre Andino'),
    (49, 'Géiseres de Vida: Aventura entre los Sol de Mañana'),
    (50, 'Encuentro Ancestral: Vida en las Comunidades Indígenas');

use HotelDumbo;
INSERT INTO Paquete_Servicio (IdPaquete, IdServicio)
VALUES
    (1, 1), (1, 5), (1, 10), (1, 12), (1, 16),
    (2, 2), (2, 6), (2, 8), (2, 14), (2, 18),
    (3, 3), (3, 7), (3, 9), (3, 11), (3, 15),
    (4, 4), (4, 5), (4, 10), (4, 13), (4, 17),
    (5, 1), (5, 8), (5, 12), (5, 15), (5, 20),
    (6, 2), (6, 9), (6, 11), (6, 14), (6, 19),
    (7, 3), (7, 7), (7, 10), (7, 12), (7, 16),
    (8, 4), (8, 6), (8, 8), (8, 13), (8, 18),
    (9, 1), (9, 5), (9, 9), (9, 11), (9, 15),
    (10, 2), (10, 7), (10, 12), (10, 14), (10, 19);
 
use HotelDumbo;
INSERT INTO Reserva (IdReserva, IdCliente, IdEmpleado, IdPaquete, Fecha, Cantidad, TipoPago, Pago, Estado)
VALUES
    (1, 2, 5, 1, '2023-09-01', 2, 'Tarjeta', 1200.00, 1),
    (2, 12, 10, 6, '2023-09-02', 1, 'Efectivo', 450.00, 1),
    (3, 28, 19, 13, '2023-09-03', 3, 'Tarjeta', 780.00, 1),
    (4, 4, 4, 4, '2023-09-04', 2, 'Efectivo', 300.00, 1),
    (5, 1, 21, 2, '2023-09-05', 2, 'Transferencia', 550.00, 1),
    (6, 9, 12, 5, '2023-09-06', 1, 'Efectivo', 320.00, 1),
    (7, 15, 8, 8, '2023-09-07', 4, 'Tarjeta', 880.00, 1),
    (8, 27, 2, 1, '2023-09-08', 2, 'Efectivo', 1200.00, 1),
    (9, 30, 28, 10, '2023-09-09', 3, 'Tarjeta', 900.00, 1),
    (10, 33, 15, 9, '2023-09-10', 2, 'Tarjeta', 700.00, 1),
    (11, 6, 3, 14, '2023-09-11', 1, 'Efectivo', 180.00, 1),
    (12, 25, 29, 12, '2023-09-12', 2, 'Efectivo', 500.00, 1),
    (13, 39, 18, 5, '2023-09-13', 4, 'Tarjeta', 880.00, 1),
    (14, 45, 26, 15, '2023-09-14', 1, 'Efectivo', 240.00, 1),
    (15, 19, 17, 7, '2023-09-15', 3, 'Efectivo', 750.00, 1),
    (16, 16, 30, 3, '2023-09-16', 2, 'Tarjeta', 520.00, 1),
    (17, 8, 25, 6, '2023-09-17', 2, 'Efectivo', 450.00, 1),
    (18, 22, 1, 11, '2023-09-18', 1, 'Tarjeta', 350.00, 1),
    (19, 5, 16, 2, '2023-09-19', 4, 'Tarjeta', 1100.00, 1),
    (20, 35, 14, 16, '2023-09-20', 1, 'Efectivo', 260.00, 1),
    (21, 7, 27, 13, '2023-09-21', 2, 'Tarjeta', 780.00, 1),
    (22, 11, 20, 10, '2023-09-22', 3, 'Efectivo', 750.00, 1),
    (23, 23, 24, 4, '2023-09-23', 1, 'Tarjeta', 300.00, 1),
    (24, 3, 6, 8, '2023-09-24', 2, 'Efectivo', 550.00, 1),
    (25, 48, 9, 12, '2023-09-25', 1, 'Tarjeta', 250.00, 1),
    (26, 10, 7, 5, '2023-09-26', 3, 'Efectivo', 750.00, 1),
    (27, 14, 22, 9, '2023-09-27', 2, 'Efectivo', 500.00, 1),
    (28, 26, 23, 7, '2023-09-28', 4, 'Tarjeta', 920.00, 1),
    (29, 20, 11, 11, '2023-09-29', 1, 'Efectivo', 350.00, 1),
    (30, 36, 13, 3, '2023-09-30', 2, 'Tarjeta', 520.00, 1),
    (31, 9, 26, 6, '2023-10-01', 2, 'Efectivo', 450.00, 1),
    (32, 16, 20, 13, '2023-10-02', 3, 'Tarjeta', 780.00, 1),
    (33, 22, 4, 4, '2023-10-03', 1, 'Efectivo', 300.00, 1),
    (34, 5, 28, 2, '2023-10-04', 2, 'Transferencia', 550.00, 1),
    (35, 33, 19, 5, '2023-10-05', 1, 'Efectivo', 350.00, 1),
    (36, 25, 5, 15, '2023-10-06', 3, 'Tarjeta', 720.00, 1),
    (37, 16, 26, 10, '2023-10-07', 1, 'Efectivo', 320.00, 1),
    (38, 4, 12, 3, '2023-10-08', 2, 'Tarjeta', 520.00, 1),
    (39, 35, 1, 14, '2023-10-09', 3, 'Efectivo', 690.00, 1),
    (40, 20, 16, 8, '2023-10-10', 1, 'Efectivo', 450.00, 1),
    (41, 39, 21, 6, '2023-10-11', 2, 'Efectivo', 450.00, 1),
    (42, 45, 30, 11, '2023-10-12', 2, 'Tarjeta', 700.00, 1),
    (43, 2, 15, 1, '2023-10-13', 1, 'Efectivo', 600.00, 1),
    (44, 12, 18, 16, '2023-10-14', 3, 'Efectivo', 720.00, 1),
    (45, 28, 27, 13, '2023-10-15', 2, 'Tarjeta', 780.00, 1),
    (46, 9, 3, 12, '2023-10-16', 4, 'Tarjeta', 1000.00, 1),
    (47, 15, 7, 7, '2023-10-17', 1, 'Efectivo', 320.00, 1),
    (48, 27, 24, 2, '2023-10-18', 2, 'Efectivo', 550.00, 1),
    (49, 30, 29, 5, '2023-10-19', 3, 'Tarjeta', 780.00, 1),
    (50, 33, 2, 9, '2023-10-20', 2, 'Efectivo', 500.00, 1);
